{
  "version": 1,
  "author": "Anonymous maker",
  "editor": "wokwi",
  "parts": [
    {
      "type": "wokwi-breadboard-half",
      "id": "bb1",
      "top": -3.9,
      "left": 22.5,
      "rotate": 90,
      "attrs": {}
    },
    { "type": "board-esp32-devkit-c-v4", "id": "esp", "top": -19.2, "left": -100.76, "attrs": {} },
    {
      "type": "wokwi-led",
      "id": "led1",
      "top": 18,
      "left": 169.8,
      "rotate": 90,
      "attrs": { "color": "red" }
    },
    {
      "type": "wokwi-resistor",
      "id": "r1",
      "top": 32.75,
      "left": 96,
      "attrs": { "value": "330" }
    }
  ],
  "connections": [
    [ "esp:TX", "$serialMonitor:RX", "", [] ],
    [ "esp:RX", "$serialMonitor:TX", "", [] ],
    [ "r1:1", "bb1:bn.7", "", [ "$bb" ] ],
    [ "r1:2", "bb1:9b.h", "", [ "$bb" ] ],
    [ "led1:A", "bb1:10b.f", "", [ "$bb" ] ],
    [ "led1:C", "bb1:9b.f", "", [ "$bb" ] ],
    [ "esp:5", "bb1:10b.i", "green", [ "h67.2", "v-38.4" ] ],
    [ "esp:GND.2", "bb1:bn.5", "black", [ "v0" ] ],
    [ "esp:3V3", "bb1:bp.1", "green", [ "h0.15", "v-38.4" ] ]
  ],
  "dependencies": {}
}